{"initial_reset_timestamp": 1604337179.4973927, "timestamps": [1604337186.950769], "episode_lengths": [200], "episode_rewards": [-200.0], "episode_types": ["t"]}